Workbook

Sheet CS Schemes
A1: Water Leak Repair Status - Central South
A2: Date | B2: Manager | C2: Name of Water Supply Scheme | D2: Reported -Major Leaks | E2: Reported -Minor Leaks | F2: Reported -Service Leaks | G2: Repaired -Major Leaks | H2: Repaired -Minor Leaks | I2: Repaired -Service Leaks | J2: Balance -Major Leaks | K2: Balance -Minor Leaks | L2: Balance -Service Leaks
A3: 46089 | B3: CS | C3: WELAMBODA | D3: {=XLOOKUP($A3, Welamboda!$A7:$A340, Welamboda!B7:B340, "No Match")} | E3: {=XLOOKUP($A3, Welamboda!$A7:$A340, Welamboda!C7:C340, "No Match")} | F3: {=XLOOKUP($A3, Welamboda!$A7:$A340, Welamboda!D7:D340, "No Match")} | G3: {=XLOOKUP($A3, Welamboda!$A7:$A340, Welamboda!E7:E340, "No Match")} | H3: {=XLOOKUP($A3, Welamboda!$A7:$A340, Welamboda!F7:F340, "No Match")} | I3: {=XLOOKUP($A3, Welamboda!$A7:$A340, Welamboda!G7:G340, "No Match")} | J3: {=XLOOKUP($A3, Welamboda!$A7:$A340, Welamboda!H7:H340, "No Match")} | K3: {=XLOOKUP($A3, Welamboda!$A7:$A340, Welamboda!I7:I340, "No Match")} | L3: {=XLOOKUP($A3, Welamboda!$A7:$A340, Welamboda!J7:J340, "No Match")}
A4: =$A$3 -> 46089 | B4: CS | C4: Kadugannawa
A5: =$A$3 -> 46089 | B5: CS | C5: Eriyagama
A6: =$A$3 -> 46089 | B6: CS | C6: Daulagala
A7: =$A$3 -> 46089 | B7: CS | C7: Gannoruwa
A8: =$A$3 -> 46089 | B8: CS | C8: Kalugamuwa | D8: {=XLOOKUP($A8, Kadugannawa!$A7:$A340, Kadugannawa!B7:B340, "No Match")} | E8: {=XLOOKUP($A8, Kadugannawa!$A7:$A340, Kadugannawa!C7:C340, "No Match")} | F8: {=XLOOKUP($A8, Kadugannawa!$A7:$A340, Kadugannawa!D7:D340, "No Match")} | G8: {=XLOOKUP($A8, Kadugannawa!$A7:$A340, Kadugannawa!E7:E340, "No Match")} | H8: {=XLOOKUP($A8, Kadugannawa!$A7:$A340, Kadugannawa!F7:F340, "No Match")} | I8: {=XLOOKUP($A8, Kadugannawa!$A7:$A340, Kadugannawa!G7:G340, "No Match")} | J8: {=XLOOKUP($A8, Kadugannawa!$A7:$A340, Kadugannawa!H7:H340, "No Match")} | K8: {=XLOOKUP($A8, Kadugannawa!$A7:$A340, Kadugannawa!I7:I340, "No Match")} | L8: {=XLOOKUP($A8, Kadugannawa!$A7:$A340, Kadugannawa!J7:J340, "No Match")}
A9: =$A$3 -> 46089 | B9: CS | C9: HANTANA | D9: {=XLOOKUP($A9, Hantana!$A7:$A340, Hantana!B7:B340, "No Match")} | E9: {=XLOOKUP($A9, Hantana!$A7:$A340, Hantana!C7:C340, "No Match")} | F9: {=XLOOKUP($A9, Hantana!$A7:$A340, Hantana!D7:D340, "No Match")} | G9: {=XLOOKUP($A9, Hantana!$A7:$A340, Hantana!E7:E340, "No Match")} | H9: {=XLOOKUP($A9, Hantana!$A7:$A340, Hantana!F7:F340, "No Match")} | I9: {=XLOOKUP($A9, Hantana!$A7:$A340, Hantana!G7:G340, "No Match")} | J9: {=XLOOKUP($A9, Hantana!$A7:$A340, Hantana!H7:H340, "No Match")} | K9: {=XLOOKUP($A9, Hantana!$A7:$A340, Hantana!I7:I340, "No Match")} | L9: {=XLOOKUP($A9, Hantana!$A7:$A340, Hantana!J7:J340, "No Match")}
A10: =$A$3 -> 46089 | B10: CS | C10: GAMPOLA | D10: {=XLOOKUP($A10, GAMPOLA!$A7:$A340, GAMPOLA!B7:B340, "No Match")} | E10: {=XLOOKUP($A10, GAMPOLA!$A7:$A340, GAMPOLA!C7:C340, "No Match")} | F10: {=XLOOKUP($A10, GAMPOLA!$A7:$A340, GAMPOLA!D7:D340, "No Match")} | G10: {=XLOOKUP($A10, GAMPOLA!$A7:$A340, GAMPOLA!E7:E340, "No Match")} | H10: {=XLOOKUP($A10, GAMPOLA!$A7:$A340, GAMPOLA!F7:F340, "No Match")} | I10: {=XLOOKUP($A10, GAMPOLA!$A7:$A340, GAMPOLA!G7:G340, "No Match")} | J10: {=XLOOKUP($A10, GAMPOLA!$A7:$A340, GAMPOLA!H7:H340, "No Match")} | K10: {=XLOOKUP($A10, GAMPOLA!$A7:$A340, GAMPOLA!I7:I340, "No Match")} | L10: {=XLOOKUP($A10, GAMPOLA!$A7:$A340, GAMPOLA!J7:J340, "No Match")}
A11: =$A$3 -> 46089 | B11: CS | C11: NAWALAPITIYA | D11: {=XLOOKUP($A11, NAWALAPITIYA!$A7:$A340, NAWALAPITIYA!B7:B340, "No Match")} -> 0 | E11: {=XLOOKUP($A11, NAWALAPITIYA!$A7:$A340, NAWALAPITIYA!C7:C340, "No Match")} -> 0 | F11: {=XLOOKUP($A11, NAWALAPITIYA!$A7:$A340, NAWALAPITIYA!D7:D340, "No Match")} -> 0 | G11: {=XLOOKUP($A11, NAWALAPITIYA!$A7:$A340, NAWALAPITIYA!E7:E340, "No Match")} -> 0 | H11: {=XLOOKUP($A11, NAWALAPITIYA!$A7:$A340, NAWALAPITIYA!F7:F340, "No Match")} -> 0 | I11: {=XLOOKUP($A11, NAWALAPITIYA!$A7:$A340, NAWALAPITIYA!G7:G340, "No Match")} -> 0 | J11: {=XLOOKUP($A11, NAWALAPITIYA!$A7:$A340, NAWALAPITIYA!H7:H340, "No Match")} | K11: {=XLOOKUP($A11, NAWALAPITIYA!$A7:$A340, NAWALAPITIYA!I7:I340, "No Match")} | L11: {=XLOOKUP($A11, NAWALAPITIYA!$A7:$A340, NAWALAPITIYA!J7:J340, "No Match")}
A12: =$A$3 -> 46089 | B12: CS | C12: PUNDALUOYA | D12: {=XLOOKUP($A12, PUNDALUOYA!$A7:$A340, PUNDALUOYA!B7:B340, "No Match")} | E12: {=XLOOKUP($A12, PUNDALUOYA!$A7:$A340, PUNDALUOYA!C7:C340, "No Match")} | F12: {=XLOOKUP($A12, PUNDALUOYA!$A7:$A340, PUNDALUOYA!D7:D340, "No Match")} | G12: {=XLOOKUP($A12, PUNDALUOYA!$A7:$A340, PUNDALUOYA!E7:E340, "No Match")} | H12: {=XLOOKUP($A12, PUNDALUOYA!$A7:$A340, PUNDALUOYA!F7:F340, "No Match")} | I12: {=XLOOKUP($A12, PUNDALUOYA!$A7:$A340, PUNDALUOYA!G7:G340, "No Match")} | J12: {=XLOOKUP($A12, PUNDALUOYA!$A7:$A340, PUNDALUOYA!H7:H340, "No Match")} | K12: {=XLOOKUP($A12, PUNDALUOYA!$A7:$A340, PUNDALUOYA!I7:I340, "No Match")} | L12: {=XLOOKUP($A12, PUNDALUOYA!$A7:$A340, PUNDALUOYA!J7:J340, "No Match")}
A13: =$A$3 -> 46089 | B13: CS | C13: GINIGATHHENA | D13: {=XLOOKUP($A13, GINIGATHHENA!$A7:$A340, GINIGATHHENA!B7:B340, "No Match")} | E13: {=XLOOKUP($A13, GINIGATHHENA!$A7:$A340, GINIGATHHENA!C7:C340, "No Match")} | F13: {=XLOOKUP($A13, GINIGATHHENA!$A7:$A340, GINIGATHHENA!D7:D340, "No Match")} | G13: {=XLOOKUP($A13, GINIGATHHENA!$A7:$A340, GINIGATHHENA!E7:E340, "No Match")} | H13: {=XLOOKUP($A13, GINIGATHHENA!$A7:$A340, GINIGATHHENA!F7:F340, "No Match")} | I13: {=XLOOKUP($A13, GINIGATHHENA!$A7:$A340, GINIGATHHENA!G7:G340, "No Match")} | J13: {=XLOOKUP($A13, GINIGATHHENA!$A7:$A340, GINIGATHHENA!H7:H340, "No Match")} | K13: {=XLOOKUP($A13, GINIGATHHENA!$A7:$A340, GINIGATHHENA!I7:I340, "No Match")} | L13: {=XLOOKUP($A13, GINIGATHHENA!$A7:$A340, GINIGATHHENA!J7:J340, "No Match")}
A14: =$A$3 -> 46089 | B14: CS | C14: MASKELIYA | D14: {=XLOOKUP($A14, MASKELIYA!$A7:$A340, MASKELIYA!B7:B340, "No Match")} -> 0 | E14: {=XLOOKUP($A14, MASKELIYA!$A7:$A340, MASKELIYA!C7:C340, "No Match")} -> 0 | F14: {=XLOOKUP($A14, MASKELIYA!$A7:$A340, MASKELIYA!D7:D340, "No Match")} -> 0 | G14: {=XLOOKUP($A14, MASKELIYA!$A7:$A340, MASKELIYA!E7:E340, "No Match")} -> 0 | H14: {=XLOOKUP($A14, MASKELIYA!$A7:$A340, MASKELIYA!F7:F340, "No Match")} -> 0 | I14: {=XLOOKUP($A14, MASKELIYA!$A7:$A340, MASKELIYA!G7:G340, "No Match")} -> 0 | J14: {=XLOOKUP($A14, MASKELIYA!$A7:$A340, MASKELIYA!H7:H340, "No Match")} -> 0 | K14: {=XLOOKUP($A14, MASKELIYA!$A7:$A340, MASKELIYA!I7:I340, "No Match")} -> 0 | L14: {=XLOOKUP($A14, MASKELIYA!$A7:$A340, MASKELIYA!J7:J340, "No Match")} -> 0
A15: =$A$3 -> 46089 | B15: CS | C15: NALLATHANNIYA | D15: {=XLOOKUP($A15, NALLATHANNIYA!$A7:$A340, NALLATHANNIYA!B7:B340, "No Match")} -> 0 | E15: {=XLOOKUP($A15, NALLATHANNIYA!$A7:$A340, NALLATHANNIYA!C7:C340, "No Match")} -> 0 | F15: {=XLOOKUP($A15, NALLATHANNIYA!$A7:$A340, NALLATHANNIYA!D7:D340, "No Match")} -> 0 | G15: {=XLOOKUP($A15, NALLATHANNIYA!$A7:$A340, NALLATHANNIYA!E7:E340, "No Match")} -> 0 | H15: {=XLOOKUP($A15, NALLATHANNIYA!$A7:$A340, NALLATHANNIYA!F7:F340, "No Match")} -> 0 | I15: {=XLOOKUP($A15, NALLATHANNIYA!$A7:$A340, NALLATHANNIYA!G7:G340, "No Match")} -> 0 | J15: {=XLOOKUP($A15, NALLATHANNIYA!$A7:$A340, NALLATHANNIYA!H7:H340, "No Match")} -> 0 | K15: {=XLOOKUP($A15, NALLATHANNIYA!$A7:$A340, NALLATHANNIYA!I7:I340, "No Match")} -> 0 | L15: {=XLOOKUP($A15, NALLATHANNIYA!$A7:$A340, NALLATHANNIYA!J7:J340, "No Match")} -> 0
A16: =$A$3 -> 46089 | B16: CS | C16: TALAWAKELE | D16: {=XLOOKUP($A16, TALAWAKELE!$A7:$A340, TALAWAKELE!B7:B340, "No Match")} | E16: {=XLOOKUP($A16, TALAWAKELE!$A7:$A340, TALAWAKELE!C7:C340, "No Match")} | F16: {=XLOOKUP($A16, TALAWAKELE!$A7:$A340, TALAWAKELE!D7:D340, "No Match")} | G16: {=XLOOKUP($A16, TALAWAKELE!$A7:$A340, TALAWAKELE!E7:E340, "No Match")} | H16: {=XLOOKUP($A16, TALAWAKELE!$A7:$A340, TALAWAKELE!F7:F340, "No Match")} | I16: {=XLOOKUP($A16, TALAWAKELE!$A7:$A340, TALAWAKELE!G7:G340, "No Match")} | J16: {=XLOOKUP($A16, TALAWAKELE!$A7:$A340, TALAWAKELE!H7:H340, "No Match")} | K16: {=XLOOKUP($A16, TALAWAKELE!$A7:$A340, TALAWAKELE!I7:I340, "No Match")} | L16: {=XLOOKUP($A16, TALAWAKELE!$A7:$A340, TALAWAKELE!J7:J340, "No Match")}

Sheet Welamboda
A1: Date | B1: Reported -Major Leaks | C1: Reported -Minor Leaks | D1: Reported -Service Leaks | E1: Repaired -Major Leaks | F1: Repaired -Minor Leaks | G1: Repaired -Service Leaks | H1: Balance -Major Leaks | I1: Balance -Minor Leaks | J1: Balance -Service Leaks
A2: 46049
A3: 46050
A4: 46051
A5: 46052
A6: 46053
A7: 46054
A8: 46055
A9: 46056
A10: 46057
A11: 46058
A12: 46059
A13: 46060
... A343: 46390

Sheet Kadugannawa
A1: Date | B1: Reported -Major Leaks | C1: Reported -Minor Leaks | D1: Reported -Service Leaks | E1: Repaired -Major Leaks | F1: Repaired -Minor Leaks | G1: Repaired -Service Leaks | H1: Balance -Major Leaks | I1: Balance -Minor Leaks | J1: Balance -Service Leaks
A2: 46049
A3: 46050
A4: 46051
A5: 46052
A6: 46053
A7: 46054
A8: 46055
A9: 46056
A10: 46057
A11: 46058
A12: 46059
A13: 46060
... A343: 46390

Sheet Kalugamuwa
A1: Date | B1: Reported -Major Leaks | C1: Reported -Minor Leaks | D1: Reported -Service Leaks | E1: Repaired -Major Leaks | F1: Repaired -Minor Leaks | G1: Repaired -Service Leaks | H1: Balance -Major Leaks | I1: Balance -Minor Leaks | J1: Balance -Service Leaks
A2: 46049
A3: 46050
A4: 46051
A5: 46052
A6: 46053
A7: 46054
A8: 46055
A9: 46056
A10: 46057
A11: 46058
A12: 46059
A13: 46060
... A343: 46390

Sheet Daulagala
A1: Date | B1: Reported -Major Leaks | C1: Reported -Minor Leaks | D1: Reported -Service Leaks | E1: Repaired -Major Leaks | F1: Repaired -Minor Leaks | G1: Repaired -Service Leaks | H1: Balance -Major Leaks | I1: Balance -Minor Leaks | J1: Balance -Service Leaks
A2: 46049
A3: 46050
A4: 46051
A5: 46052
A6: 46053
A7: 46054
A8: 46055
A9: 46056
A10: 46057
A11: 46058
A12: 46059
A13: 46060
... A343: 46390

Sheet Eriyagama
B1: Reported -Major Leaks | C1: Reported -Minor Leaks | D1: Reported -Service Leaks | E1: Repaired -Major Leaks | F1: Repaired -Minor Leaks | G1: Repaired -Service Leaks | H1: Balance -Major Leaks | I1: Balance -Minor Leaks | J1: Balance -Service Leaks
A2: 46049
A3: 46050
A4: 46051
A5: 46052
A6: 46053
A7: 46054
A8: 46055
A9: 46056
A10: 46057
A11: 46058
A12: 46059
A13: 46060
... A343: 46390

Sheet Gannoruwa
A1: Date | B1: Reported -Major Leaks | C1: Reported -Minor Leaks | D1: Reported -Service Leaks | E1: Repaired -Major Leaks | F1: Repaired -Minor Leaks | G1: Repaired -Service Leaks | H1: Balance -Major Leaks | I1: Balance -Minor Leaks | J1: Balance -Service Leaks
A2: 46049
A3: 46050
A4: 46051
A5: 46052
A6: 46053
A7: 46054
A8: 46055
A9: 46056
A10: 46057
A11: 46058
A12: 46059
A13: 46060
... A343: 46390

Sheet GAMPOLA
A1: Date | B1: Reported -Major Leaks | C1: Reported -Minor Leaks | D1: Reported -Service Leaks | E1: Repaired -Major Leaks | F1: Repaired -Minor Leaks | G1: Repaired -Service Leaks | H1: Balance -Major Leaks | I1: Balance -Minor Leaks | J1: Balance -Service Leaks
A2: 46049
A3: 46050
A4: 46051
A5: 46052
A6: 46053
A7: 46054
A8: 46055
A9: 46056
A10: 46057
A11: 46058
A12: 46059
A13: 46060
... A343: 46390

Sheet Hantana
A1: Date | B1: Reported -Major Leaks | C1: Reported -Minor Leaks | D1: Reported -Service Leaks | E1: Repaired -Major Leaks | F1: Repaired -Minor Leaks | G1: Repaired -Service Leaks | H1: Balance -Major Leaks | I1: Balance -Minor Leaks | J1: Balance -Service Leaks
A2: 46049
A3: 46050
A4: 46051
A5: 46052
A6: 46053
A7: 46054
A8: 46055
A9: 46056
A10: 46057
A11: 46058
A12: 46059
A13: 46060
... A343: 46390

Sheet NAWALAPITIYA
A1: Date | B1: Reported -Major Leaks | C1: Reported -Minor Leaks | D1: Reported -Service Leaks | E1: Repaired -Major Leaks | F1: Repaired -Minor Leaks | G1: Repaired -Service Leaks | H1: Balance -Major Leaks | I1: Balance -Minor Leaks | J1: Balance -Service Leaks
A2: 46049 | B2: 0 | C2: 0 | D2: 0 | E2: 0 | F2: 0 | G2: 0
A3: 46050 | B3: 0 | C3: 0 | D3: 2 | E3: 0 | F3: 0 | G3: 2
A4: 46051 | B4: 0 | C4: 0 | D4: 4 | E4: 0 | F4: 0 | G4: 4
A5: 46052 | B5: 0 | C5: 0 | D5: 1 | E5: 0 | F5: 0 | G5: 1
A6: 46053 | B6: 0 | C6: 0 | D6: 1 | E6: 0 | F6: 0 | G6: 1
A7: 46054 | B7: 0 | C7: 0 | D7: 0 | E7: 0 | F7: 0 | G7: 0
A8: 46055 | B8: 0 | C8: 0 | D8: 3 | E8: 0 | F8: 0 | G8: 3
A9: 46056 | B9: 0 | C9: 0 | D9: 1 | E9: 0 | F9: 0 | G9: 1
A10: 46057 | B10: 0 | C10: 0 | D10: 0 | E10: 0 | F10: 0 | G10: 0
A11: 46058 | B11: 0 | C11: 0 | D11: 0 | E11: 0 | F11: 0 | G11: 0
A12: 46059 | B12: 0 | C12: 0 | D12: 3 | E12: 0 | F12: 0 | G12: 3
A13: 46060 | B13: 0 | C13: 0 | D13: 0 | E13: 0 | F13: 0 | G13: 0
... A43: 46090 | B43: 0 | C43: 0 | D43: 1 | E43: 0 | F43: 0 | G43: 1
A44: 46091
A45: 46092
A46: 46093
A47: 46094
A48: 46095
A49: 46096
A50: 46097
A51: 46098
A52: 46099
A53: 46100
A54: 46101
A55: 46102
... A343: 46390

Sheet TALAWAKELE
A1: Date | B1: Reported -Major Leaks | C1: Reported -Minor Leaks | D1: Reported -Service Leaks | E1: Repaired -Major Leaks | F1: Repaired -Minor Leaks | G1: Repaired -Service Leaks | H1: Balance -Major Leaks | I1: Balance -Minor Leaks | J1: Balance -Service Leaks
A2: 46049 | B2: 0 | C2: 0 | D2: 2 | E2: 0 | F2: 0 | G2: 2 | H2: =SUM(B2-E2) -> 0 | I2: =SUM(C2-F2) -> 0 | J2: =SUM(D2-G2) -> 0
A3: 46050 | B3: 0 | C3: 0 | D3: 1 | E3: 0 | F3: 0 | G3: 1 | H3: =SUM(B3-E3) -> 0 | I3: =SUM(C3-F3) -> 0 | J3: =SUM(D3-G3) -> 0
A4: 46051 | B4: 0 | C4: 0 | D4: 1 | E4: 0 | F4: 0 | G4: 1 | H4: =SUM(B4-E4) -> 0 | I4: =SUM(C4-F4) -> 0 | J4: =SUM(D4-G4) -> 0
A5: 46052 | B5: 0 | C5: 0 | D5: 0 | E5: 0 | F5: 0 | G5: 0 | H5: =SUM(B5-E5) -> 0 | I5: =SUM(C5-F5) -> 0 | J5: =SUM(D5-G5) -> 0
A6: 46053 | B6: 0 | C6: 0 | D6: 1 | E6: 0 | F6: 0 | G6: 1 | H6: =SUM(B6-E6) -> 0 | I6: =SUM(C6-F6) -> 0 | J6: =SUM(D6-G6) -> 0
A7: 46054 | B7: 0 | C7: 0 | D7: 0 | E7: 0 | F7: 0 | G7: 0 | H7: =SUM(B7-E7) -> 0 | I7: =SUM(C7-F7) -> 0 | J7: =SUM(D7-G7) -> 0
A8: 46055 | B8: 0 | C8: 0 | D8: 2 | E8: 0 | F8: 0 | G8: 2 | H8: =SUM(B8-E8) -> 0 | I8: =SUM(C8-F8) -> 0 | J8: =SUM(D8-G8) -> 0
A9: 46056 | B9: 0 | C9: 0 | D9: 0 | E9: 0 | F9: 0 | G9: 0 | H9: =SUM(B9-E9) -> 0 | I9: =SUM(C9-F9) -> 0 | J9: =SUM(D9-G9) -> 0
A10: 46057 | B10: 0 | C10: 0 | D10: 0 | E10: 0 | F10: 0 | G10: 0 | H10: =SUM(B10-E10) -> 0 | I10: =SUM(C10-F10) -> 0 | J10: =SUM(D10-G10) -> 0
A11: 46058 | B11: 0 | C11: 0 | D11: 0 | E11: 0 | F11: 0 | G11: 0 | H11: =SUM(B11-E11) -> 0 | I11: =SUM(C11-F11) -> 0 | J11: =SUM(D11-G11) -> 0
A12: 46059 | B12: 0 | C12: 0 | D12: 3 | E12: 0 | F12: 0 | G12: 3 | H12: =SUM(B12-E12) -> 0 | I12: =SUM(C12-F12) -> 0 | J12: =SUM(D12-G12) -> 0
A13: 46060 | B13: 0 | C13: 0 | D13: 1 | E13: 0 | F13: 0 | G13: 1 | H13: =SUM(B13-E13) -> 0 | I13: =SUM(C13-F13) -> 0 | J13: =SUM(D13-G13) -> 0
... A30: 46077 | B30: 1 | C30: 0 | D30: 0 | E30: 1 | F30: 0 | G30: 0 | H30: =SUM(B30-E30) -> 0 | I30: =SUM(C30-F30) -> 0 | J30: =SUM(D30-G30) -> 0
A31: 46078 | H31: =SUM(B31-E31) -> 0 | I31: =SUM(C31-F31) -> 0 | J31: =SUM(D31-G31) -> 0
A32: 46079 | H32: =SUM(B32-E32) -> 0 | I32: =SUM(C32-F32) -> 0 | J32: =SUM(D32-G32) -> 0
A33: 46080 | H33: =SUM(B33-E33) -> 0 | I33: =SUM(C33-F33) -> 0 | J33: =SUM(D33-G33) -> 0
A34: 46081 | H34: =SUM(B34-E34) -> 0 | I34: =SUM(C34-F34) -> 0 | J34: =SUM(D34-G34) -> 0
A35: 46082 | H35: =SUM(B35-E35) -> 0 | I35: =SUM(C35-F35) -> 0 | J35: =SUM(D35-G35) -> 0
A36: 46083 | H36: =SUM(B36-E36) -> 0 | I36: =SUM(C36-F36) -> 0 | J36: =SUM(D36-G36) -> 0
A37: 46084 | H37: =SUM(B37-E37) -> 0 | I37: =SUM(C37-F37) -> 0 | J37: =SUM(D37-G37) -> 0
A38: 46085 | H38: =SUM(B38-E38) -> 0 | I38: =SUM(C38-F38) -> 0 | J38: =SUM(D38-G38) -> 0
A39: 46086 | H39: =SUM(B39-E39) -> 0 | I39: =SUM(C39-F39) -> 0 | J39: =SUM(D39-G39) -> 0
A40: 46087 | H40: =SUM(B40-E40) -> 0 | I40: =SUM(C40-F40) -> 0 | J40: =SUM(D40-G40) -> 0
A41: 46088 | H41: =SUM(B41-E41) -> 0 | I41: =SUM(C41-F41) -> 0 | J41: =SUM(D41-G41) -> 0
A42: 46089
A43: 46090
A44: 46091
A45: 46092
A46: 46093
A47: 46094
A48: 46095
A49: 46096
A50: 46097
A51: 46098
A52: 46099
A53: 46100
... A343: 46390

Sheet HATTON
A1: Date | B1: Reported -Major Leaks | C1: Reported -Minor Leaks | D1: Reported -Service Leaks | E1: Repaired -Major Leaks | F1: Repaired -Minor Leaks | G1: Repaired -Service Leaks | H1: Balance -Major Leaks | I1: Balance -Minor Leaks | J1: Balance -Service Leaks
A2: 46049 | B2: 1 | E2: 1 | H2: =E2-B2 -> 0
A3: 46050
A4: 46051
A5: 46052
A6: 46053
A7: 46054
A8: 46055
A9: 46056
A10: 46057
A11: 46058
A12: 46059
A13: 46060
A14: 46061
... A343: 46390

Sheet PUNDALUOYA
A1: Date | B1: Reported -Major Leaks | C1: Reported -Minor Leaks | D1: Reported -Service Leaks | E1: Repaired -Major Leaks | F1: Repaired -Minor Leaks | G1: Repaired -Service Leaks | H1: Balance -Major Leaks | I1: Balance -Minor Leaks | J1: Balance -Service Leaks
A2: 46049 | B2: 0 | C2: 0 | D2: 0 | E2: 0 | F2: 0 | G2: 0 | H2: =SUM(B2-E2) -> 0 | I2: =SUM(C2-F2) -> 0 | J2: =SUM(D2-G2) -> 0
A3: 46050 | B3: 0 | C3: 1 | D3: 0 | E3: 0 | F3: 1 | G3: 0 | H3: =SUM(B3-E3) -> 0 | I3: =SUM(C3-F3) -> 0 | J3: =SUM(D3-G3) -> 0
A4: 46051 | B4: 0 | C4: 0 | D4: 0 | E4: 0 | F4: 0 | G4: 0 | H4: =SUM(B4-E4) -> 0 | I4: =SUM(C4-F4) -> 0 | J4: =SUM(D4-G4) -> 0
A5: 46052 | B5: 1 | C5: 0 | D5: 0 | E5: 1 | F5: 0 | G5: 0 | H5: =SUM(B5-E5) -> 0 | I5: =SUM(C5-F5) -> 0 | J5: =SUM(D5-G5) -> 0
A6: 46053 | B6: 0 | C6: 0 | D6: 0 | E6: 0 | F6: 0 | G6: 0 | H6: =SUM(B6-E6) -> 0 | I6: =SUM(C6-F6) -> 0 | J6: =SUM(D6-G6) -> 0
A7: 46054 | B7: 0 | C7: 0 | D7: 0 | E7: 0 | F7: 0 | G7: 0 | H7: =SUM(B7-E7) -> 0 | I7: =SUM(C7-F7) -> 0 | J7: =SUM(D7-G7) -> 0
A8: 46055 | B8: 1 | C8: 0 | D8: 1 | E8: 1 | F8: 0 | G8: 1 | H8: =SUM(B8-E8) -> 0 | I8: =SUM(C8-F8) -> 0 | J8: =SUM(D8-G8) -> 0
A9: 46056 | B9: 0 | C9: 0 | D9: 2 | E9: 0 | F9: 0 | G9: 2 | H9: =SUM(B9-E9) -> 0 | I9: =SUM(C9-F9) -> 0 | J9: =SUM(D9-G9) -> 0
A10: 46057 | B10: 0 | C10: 0 | D10: 0 | E10: 0 | F10: 0 | G10: 0 | H10: =SUM(B10-E10) -> 0 | I10: =SUM(C10-F10) -> 0 | J10: =SUM(D10-G10) -> 0
A11: 46058 | B11: 0 | C11: 1 | D11: 1 | E11: 0 | F11: 1 | G11: 1 | H11: =SUM(B11-E11) -> 0 | I11: =SUM(C11-F11) -> 0 | J11: =SUM(D11-G11) -> 0
A12: 46059 | B12: 0 | C12: 0 | D12: 0 | E12: 0 | F12: 0 | G12: 0 | H12: =SUM(B12-E12) -> 0 | I12: =SUM(C12-F12) -> 0 | J12: =SUM(D12-G12) -> 0
A13: 46060 | B13: 0 | C13: 0 | D13: 0 | E13: 0 | F13: 0 | G13: 0 | H13: =SUM(B13-E13) -> 0 | I13: =SUM(C13-F13) -> 0 | J13: =SUM(D13-G13) -> 0
... A30: 46077 | B30: 0 | C30: 0 | D30: 0 | E30: 0 | F30: 0 | G30: 0 | H30: =SUM(B30-E30) -> 0 | I30: =SUM(C30-F30) -> 0 | J30: =SUM(D30-G30) -> 0
A31: 46078 | H31: =SUM(B31-E31) -> 0 | I31: =SUM(C31-F31) -> 0 | J31: =SUM(D31-G31) -> 0
A32: 46079 | H32: =SUM(B32-E32) -> 0 | I32: =SUM(C32-F32) -> 0 | J32: =SUM(D32-G32) -> 0
A33: 46080 | H33: =SUM(B33-E33) -> 0 | I33: =SUM(C33-F33) -> 0 | J33: =SUM(D33-G33) -> 0
A34: 46081 | H34: =SUM(B34-E34) -> 0 | I34: =SUM(C34-F34) -> 0 | J34: =SUM(D34-G34) -> 0
A35: 46082 | H35: =SUM(B35-E35) -> 0 | I35: =SUM(C35-F35) -> 0 | J35: =SUM(D35-G35) -> 0
A36: 46083 | H36: =SUM(B36-E36) -> 0 | I36: =SUM(C36-F36) -> 0 | J36: =SUM(D36-G36) -> 0
A37: 46084 | H37: =SUM(B37-E37) -> 0 | I37: =SUM(C37-F37) -> 0 | J37: =SUM(D37-G37) -> 0
A38: 46085 | H38: =SUM(B38-E38) -> 0 | I38: =SUM(C38-F38) -> 0 | J38: =SUM(D38-G38) -> 0
A39: 46086 | H39: =SUM(B39-E39) -> 0 | I39: =SUM(C39-F39) -> 0 | J39: =SUM(D39-G39) -> 0
A40: 46087 | H40: =SUM(B40-E40) -> 0 | I40: =SUM(C40-F40) -> 0 | J40: =SUM(D40-G40) -> 0
A41: 46088 | H41: =SUM(B41-E41) -> 0 | I41: =SUM(C41-F41) -> 0 | J41: =SUM(D41-G41) -> 0
A42: 46089
A43: 46090
A44: 46091
A45: 46092
A46: 46093
A47: 46094
A48: 46095
A49: 46096
A50: 46097
A51: 46098
A52: 46099
A53: 46100
... A343: 46390

Sheet GINIGATHHENA
A1: Date | B1: Reported -Major Leaks | C1: Reported -Minor Leaks | D1: Reported -Service Leaks | E1: Repaired -Major Leaks | F1: Repaired -Minor Leaks | G1: Repaired -Service Leaks | H1: Balance -Major Leaks | I1: Balance -Minor Leaks | J1: Balance -Service Leaks
A2: 46049
A3: 46050
A4: 46051
A5: 46052
A6: 46053
A7: 46054
A8: 46055
A9: 46056
A10: 46057
A11: 46058
A12: 46059
A13: 46060
... A343: 46390

Sheet MASKELIYA
A1: Date | B1: Reported -Major Leaks | C1: Reported -Minor Leaks | D1: Reported -Service Leaks | E1: Repaired -Major Leaks | F1: Repaired -Minor Leaks | G1: Repaired -Service Leaks | H1: Balance -Major Leaks | I1: Balance -Minor Leaks | J1: Balance -Service Leaks
A2: 46049 | B2: 0 | C2: 1 | D2: 1 | E2: 0 | F2: 1 | G2: 1 | H2: 0 | I2: 0 | J2: 0
A3: 46050 | B3: 0 | C3: 0 | D3: 1 | E3: 0 | F3: 0 | G3: 1 | H3: 0 | I3: 0 | J3: 0
A4: 46051 | B4: 0 | C4: 0 | D4: 0 | E4: 0 | F4: 0 | G4: 0 | H4: 0 | I4: 0 | J4: 0
A5: 46052 | B5: 0 | C5: 0 | D5: 0 | E5: 0 | F5: 0 | G5: 0 | H5: 0 | I5: 0 | J5: 0
A6: 46053 | B6: 0 | C6: 0 | D6: 0 | E6: 0 | F6: 0 | G6: 0 | H6: 0 | I6: 0 | J6: 0
A7: 46054 | B7: 0 | C7: 0 | D7: 0 | E7: 0 | F7: 0 | G7: 0 | H7: 0 | I7: 0 | J7: 0
A8: 46055 | B8: 0 | C8: 0 | D8: 0 | E8: 0 | F8: 0 | G8: 0 | H8: 0 | I8: 0 | J8: 0
A9: 46056 | B9: 0 | C9: 0 | D9: 0 | E9: 0 | F9: 0 | G9: 0 | H9: 0 | I9: 0 | J9: 0
A10: 46057 | B10: 0 | C10: 1 | D10: 1 | E10: 0 | F10: 1 | G10: 0 | H10: 0 | I10: 0 | J10: 0
A11: 46058 | B11: 0 | C11: 0 | D11: 0 | E11: 0 | F11: 0 | G11: 0 | H11: 0 | I11: 0 | J11: 0
A12: 46059 | B12: 0 | C12: 0 | D12: 0 | E12: 0 | F12: 0 | G12: 0 | H12: 0 | I12: 0 | J12: 0
A13: 46060 | B13: 0 | C13: 0 | D13: 0 | E13: 0 | F13: 0 | G13: 0 | H13: 0 | I13: 0 | J13: 0
... A93: 46140 | B93: 0 | C93: 1 | D93: 1 | E93: 0 | F93: 1 | G93: 1 | H93: 0 | I93: 0 | J93: 0
A94: 46141
A95: 46142
A96: 46143
A97: 46144
A98: 46145
A99: 46146
A100: 46147
A101: 46148
A102: 46149
A103: 46150
A104: 46151
A105: 46152
... A343: 46390

Sheet NALLATHANNIYA
A1: Date | B1: Reported -Major Leaks | C1: Reported -Minor Leaks | D1: Reported -Service Leaks | E1: Repaired -Major Leaks | F1: Repaired -Minor Leaks | G1: Repaired -Service Leaks | H1: Balance -Major Leaks | I1: Balance -Minor Leaks | J1: Balance -Service Leaks
A2: 46049 | B2: 0 | C2: 0 | D2: 0 | E2: 0 | F2: 0 | G2: 0 | H2: 0 | I2: 0 | J2: 0
A3: 46050 | B3: 0 | C3: 0 | D3: 0 | E3: 0 | F3: 0 | G3: 0 | H3: 0 | I3: 0 | J3: 0
A4: 46051 | B4: 0 | C4: 0 | D4: 0 | E4: 0 | F4: 0 | G4: 0 | H4: 0 | I4: 0 | J4: 0
A5: 46052 | B5: 0 | C5: 0 | D5: 0 | E5: 0 | F5: 0 | G5: 0 | H5: 0 | I5: 0 | J5: 0
A6: 46053 | B6: 0 | C6: 0 | D6: 0 | E6: 0 | F6: 0 | G6: 0 | H6: 0 | I6: 0 | J6: 0
A7: 46054 | B7: 0 | C7: 0 | D7: 0 | E7: 0 | F7: 0 | G7: 0 | H7: 0 | I7: 0 | J7: 0
A8: 46055 | B8: 0 | C8: 0 | D8: 0 | E8: 0 | F8: 0 | G8: 0 | H8: 0 | I8: 0 | J8: 0
A9: 46056 | B9: 0 | C9: 0 | D9: 0 | E9: 0 | F9: 0 | G9: 0 | H9: 0 | I9: 0 | J9: 0
A10: 46057 | B10: 0 | C10: 0 | D10: 0 | E10: 0 | F10: 0 | G10: 0 | H10: 0 | I10: 0 | J10: 0
A11: 46058 | B11: 0 | C11: 0 | D11: 0 | E11: 0 | F11: 0 | G11: 0 | H11: 0 | I11: 0 | J11: 0
A12: 46059 | B12: 0 | C12: 0 | D12: 0 | E12: 0 | F12: 0 | G12: 0 | H12: 0 | I12: 0 | J12: 0
A13: 46060 | B13: 0 | C13: 0 | D13: 0 | E13: 0 | F13: 0 | G13: 0 | H13: 0 | I13: 0 | J13: 0
... A72: 46119 | B72: 0 | C72: 0 | D72: 0 | E72: 0 | F72: 0 | G72: 0 | H72: 0 | I72: 0 | J72: 0
A73: 46120
A74: 46121
A75: 46122
A76: 46123
A77: 46124
A78: 46125
A79: 46126
A80: 46127
A81: 46128
A82: 46129
A83: 46130
A84: 46131
... A343: 46390
